Timestamp,FractionalDate,UncorrectedCountRate[cts/min],CorrectedCountRate[cts/min],Pressure[mbar],ra√≠z das contagens
1964-04-01T00:00:00Z,1964.2486339,5963,6414,1009.98,77
1964-05-01T00:00:00Z,1964.3306011,5945,6424,1010.69,77
1964-06-01T00:00:00Z,1964.4153005,6008,6427,1009.32,78
1964-07-01T00:00:00Z,1964.4972678,6059,6461,1009.03,78
1964-08-01T00:00:00Z,1964.5819672,6112,6464,1007.79,78
1964-09-01T00:00:00Z,1964.6666667,6299,6491,1004.47,79
1964-10-01T00:00:00Z,1964.7486339,5865,6474,1013.57,77
1964-11-01T00:00:00Z,1964.8333333,6389,6468,1002.23,80
1964-12-01T00:00:00Z,1964.9153005,6359,6512,1003.72,80
1965-01-01T00:00:00Z,1965.0000000,6259,6506,1006.38,79
1965-02-01T00:00:00Z,1965.0849315,6113,6467,1008.14,78
1965-03-01T00:00:00Z,1965.1616438,6211,6532,1007.13,79
1965-04-01T00:00:00Z,1965.2465753,5876,6593,1015.70,77
1965-05-01T00:00:00Z,1965.3287671,6015,6620,1013.19,78
1965-06-01T00:00:00Z,1965.4136986,6142,6513,1008.13,78
1965-07-01T00:00:00Z,1965.4958904,6303,6473,1003.98,79
1965-08-01T00:00:00Z,1965.5808219,6118,6454,1007.47,78
1965-09-01T00:00:00Z,1965.6657534,6056,6471,1009.18,78
1965-10-01T00:00:00Z,1965.7479452,6157,6509,1008.15,78
1965-11-01T00:00:00Z,1965.8328767,6101,6559,1010.30,78
1965-12-01T00:00:00Z,1965.9150685,6535,6508,999.90,81
1966-01-01T00:00:00Z,1966.0000000,5563,6424,1020.26,75
1966-02-01T00:00:00Z,1966.0849315,5941,6376,1009.96,77
1966-03-01T00:00:00Z,1966.1616438,6156,6411,1005.74,78
1966-04-01T00:00:00Z,1966.2465753,5673,6397,1016.33,75
1966-05-01T00:00:00Z,1966.3287671,5877,6435,1012.48,77
1966-06-01T00:00:00Z,1966.4136986,5813,6346,1012.09,76
1966-07-01T00:00:00Z,1966.4958904,6055,6304,1005.57,78
1966-08-01T00:00:00Z,1966.5808219,5828,6277,1010.25,76
1966-09-01T00:00:00Z,1966.6657534,6099,6041,998.90,78
1966-10-01T00:00:00Z,1966.7479452,5778,6162,1009.16,76
1966-11-01T00:00:00Z,1966.8328767,5703,6220,1012.00,76
1966-12-01T00:00:00Z,1966.9150685,5636,6155,1012.39,75
1967-01-01T00:00:00Z,1967.0000000,5529,6022,1011.97,74
1967-02-01T00:00:00Z,1967.0849315,5630,5962,1008.49,75
1967-03-01T00:00:00Z,1967.1616438,6413,6075,993.06,80
1967-04-01T00:00:00Z,1967.2465753,5833,6152,1008.16,76
1967-05-01T00:00:00Z,1967.3287671,5401,6041,1015.55,73
1967-06-01T00:00:00Z,1967.4136986,5622,5996,1009.08,75
1967-07-01T00:00:00Z,1967.4958904,5607,6048,1010.35,75
1967-08-01T00:00:00Z,1967.5808219,5593,5982,1009.18,75
1967-09-01T00:00:00Z,1967.6657534,5534,6038,1011.99,74
1967-10-01T00:00:00Z,1967.7479452,6234,6069,996.66,79
1967-11-01T00:00:00Z,1967.8328767,5648,6010,1008.75,75
1967-12-01T00:00:00Z,1967.9150685,5955,6004,1001.52,77
1968-01-01T00:00:00Z,1968.0000000,5728,5953,1005.42,76
1968-02-01T00:00:00Z,1968.0846995,5609,5879,1007.28,75
1968-03-01T00:00:00Z,1968.1639344,6225,5913,993.75,79
1968-04-01T00:00:00Z,1968.2486339,5670,6049,1009.30,75
1968-05-01T00:00:00Z,1968.3306011,5405,5984,1014.29,74
1968-06-01T00:00:00Z,1968.4153005,5539,5905,1009.00,74
1968-07-01T00:00:00Z,1968.4972678,5375,5925,1013.21,73
1968-08-01T00:00:00Z,1968.5819672,5462,5943,1011.84,74
1968-09-01T00:00:00Z,1968.6666667,5246,5894,1016.19,72
1968-10-01T00:00:00Z,1968.7486339,5554,5801,1006.26,75
1968-11-01T00:00:00Z,1968.8333333,4958,5623,1017.36,70
1968-12-01T00:00:00Z,1968.9153005,5328,5655,1008.21,73
1969-01-01T00:00:00Z,1969.0000000,4988,5771,1020.13,71
1969-02-01T00:00:00Z,1969.0849315,4905,5730,1021.40,70
1969-03-01T00:00:00Z,1969.1616438,5148,5744,1016.03,72
1969-04-01T00:00:00Z,1969.2465753,5399,5829,1010.78,73
1969-05-01T00:00:00Z,1969.3287671,5126,5687,1014.22,72
1969-06-01T00:00:00Z,1969.4136986,5125,5628,1012.73,72
1969-07-01T00:00:00Z,1969.4958904,5229,5690,1011.61,72
1969-08-01T00:00:00Z,1969.5808219,5159,5785,1015.88,72
1969-09-01T00:00:00Z,1969.6657534,5539,5833,1007.24,74
1969-10-01T00:00:00Z,1969.7479452,5666,5860,1004.99,75
1969-11-01T00:00:00Z,1969.8328767,6150,5850,993.60,78
1969-12-01T00:00:00Z,1969.9150685,5112,5864,1019.00,71
1970-01-01T00:00:00Z,1970.0000000,5287,5792,1012.95,73
1970-02-01T00:00:00Z,1970.0849315,5667,5790,1003.68,75
1970-03-01T00:00:00Z,1970.0000000,5521,5795,1007.32,74
1970-04-01T00:00:00Z,1970.2465753,5493,5803,1007.58,74
1970-05-01T00:00:00Z,1970.3287671,5264,5841,1014.47,73
1970-06-01T00:00:00Z,1970.4136986,5069,5699,1015.98,71
1970-07-01T00:00:00Z,1970.4958904,5527,5690,1004.15,74
1970-08-01T00:00:00Z,1970.5808219,5266,5781,1012.98,73
1970-09-01T00:00:00Z,1970.6657534,5601,5870,1006.66,75
1970-10-01T00:00:00Z,1970.7479452,5657,5910,1006.50,75
1970-11-01T00:00:00Z,1970.8328767,5511,5794,1007.16,74
1970-12-01T00:00:00Z,1970.9150685,5608,5939,1008.10,75
1971-01-01T00:00:00Z,1971.0000000,5821,5910,1002.52,76
1971-02-01T00:00:00Z,1971.0849315,5522,6004,1011.90,74
1971-03-01T00:00:00Z,1971.1616438,5462,5956,1012.65,74
1971-04-01T00:00:00Z,1971.2465753,5526,6089,1013.39,74
1971-05-01T00:00:00Z,1971.3287671,5487,6132,1015.18,74
1971-06-01T00:00:00Z,1971.4136986,5865,6254,1008.87,77
1971-07-01T00:00:00Z,1971.4958904,5738,6266,1012.11,76
1971-08-01T00:00:00Z,1971.5808219,6052,6320,1006.05,78
1971-09-01T00:00:00Z,1971.6657534,5765,6323,1012.87,76
1971-10-01T00:00:00Z,1971.7479452,6161,6387,1005.51,78
1971-11-01T00:00:00Z,1971.8328767,6488,6348,997.78,81
1971-12-01T00:00:00Z,1971.9150685,6029,6295,1006.21,78
1972-01-01T00:00:00Z,1972.0000000,5091,6227,1027.55,71
1972-02-01T00:00:00Z,1972.0846995,5364,6130,1018.50,73
1972-03-01T00:00:00Z,1972.1639344,5911,6391,1012.05,77
1972-04-01T00:00:00Z,1972.2486339,6152,6445,1006.48,78
1972-05-01T00:00:00Z,1972.3306011,5737,6410,1015.41,76
1972-06-01T00:00:00Z,1972.4153005,5711,6270,1012.70,76
1972-07-01T00:00:00Z,1972.4972678,5746,6357,1013.78,76
1972-08-01T00:00:00Z,1972.5819672,5560,6093,1012.53,75
1972-09-01T00:00:00Z,1972.6666667,5810,6348,1012.14,76
1972-10-01T00:00:00Z,1972.7486339,5934,6354,1009.63,77
1972-11-01T00:00:00Z,1972.8333333,6292,6149,997.34,79
1972-12-01T00:00:00Z,1972.9153005,5971,6355,1009.14,77
1973-01-01T00:00:00Z,1973.0000000,5758,6366,1014.06,76
1973-02-01T00:00:00Z,1973.0849315,6442,6334,998.44,80
1973-03-01T00:00:00Z,1973.1616438,5893,6308,1009.57,77
1973-04-01T00:00:00Z,1973.2465753,5948,6198,1006.00,77
1973-05-01T00:00:00Z,1973.3287671,5575,6126,1013.06,75
1973-06-01T00:00:00Z,1973.4136986,5762,6263,1011.67,76
1973-07-01T00:00:00Z,1973.4958904,5794,6314,1011.82,76
1973-08-01T00:00:00Z,1973.5808219,5969,6361,1008.81,77
1973-09-01T00:00:00Z,1973.6657534,6018,6472,1010.17,78
1973-10-01T00:00:00Z,1973.7479452,6154,6447,1006.66,78
1973-11-01T00:00:00Z,1973.8328767,6755,6476,994.88,82
1973-12-01T00:00:00Z,1973.9150685,6616,6475,997.66,81
1974-01-01T00:00:00Z,1974.0000000,5925,6453,1012.26,77
1974-02-01T00:00:00Z,1974.0849315,6290,6480,1004.81,79
1974-03-01T00:00:00Z,1974.1616438,5388,6417,1024.43,73
1974-04-01T00:00:00Z,1974.2465753,5781,6383,1013.61,76
1974-05-01T00:00:00Z,1974.3287671,5644,6282,1014.97,75
1974-06-01T00:00:00Z,1974.4136986,5826,6214,1009.10,76
1974-07-01T00:00:00Z,1974.4958904,5997,6095,1002.31,77
1974-08-01T00:00:00Z,1974.5808219,5814,6200,1008.89,76
1974-09-01T00:00:00Z,1974.6657534,5898,6149,1006.00,77
1974-10-01T00:00:00Z,1974.7479452,5649,6156,1011.96,75
1974-11-01T00:00:00Z,1974.8328767,5782,6192,1009.85,76
1974-12-01T00:00:00Z,1974.9150685,6480,6304,996.49,80
1975-01-01T00:00:00Z,1975.0000000,6437,6319,998.25,80
1975-02-01T00:00:00Z,1975.0849315,5910,6375,1010.58,77
1975-03-01T00:00:00Z,1975.1616438,6088,6389,1006.86,78
1975-04-01T00:00:00Z,1975.2465753,6047,6430,1008.77,78
1975-05-01T00:00:00Z,1975.3287671,5842,6439,1013.54,76
1975-06-01T00:00:00Z,1975.4136986,5947,6462,1011.75,77
1975-07-01T00:00:00Z,1975.4958904,6039,6447,1009.00,78
1975-08-01T00:00:00Z,1975.5808219,5835,6405,1012.80,76
1975-09-01T00:00:00Z,1975.6657534,6288,6427,1003.28,79
1975-10-01T00:00:00Z,1975.7479452,5787,6421,1014.50,76
1975-11-01T00:00:00Z,1975.8328767,5926,6356,1010.06,77
1975-12-01T00:00:00Z,1975.9150685,6938,6429,990.25,83
1976-01-01T00:00:00Z,1976.0000000,6555,6417,998.08,81
1976-02-01T00:00:00Z,1976.0846995,5708,6416,1016.62,76
1976-03-01T00:00:00Z,1976.1639344,5673,6419,1017.55,75
1976-04-01T00:00:00Z,1976.2486339,5988,6372,1008.84,77
1976-05-01T00:00:00Z,1976.3306011,5704,6413,1016.02,76
1976-06-01T00:00:00Z,1976.4153005,6037,6442,1008.95,78
1976-07-01T00:00:00Z,1976.4972678,6021,6469,1009.93,78
1976-08-01T00:00:00Z,1976.5819672,5799,6477,1015.18,76
1976-09-01T00:00:00Z,1976.6666667,5986,6488,1011.56,77
1976-10-01T00:00:00Z,1976.7486339,5582,6480,1020.53,75
1976-11-01T00:00:00Z,1976.8333333,6102,6493,1009.16,78
1976-12-01T00:00:00Z,1976.9153005,6030,6469,1010.49,78
1977-01-01T00:00:00Z,1977.0000000,5887,6435,1012.48,77
1977-02-01T00:00:00Z,1977.0849315,5949,6440,1010.83,77
1977-03-01T00:00:00Z,1977.1616438,6024,6454,1009.62,78
1977-04-01T00:00:00Z,1977.2465753,6291,6436,1003.41,79
1977-05-01T00:00:00Z,1977.3287671,5749,6437,1015.60,76
1977-06-01T00:00:00Z,1977.4136986,6051,6432,1008.48,78
1977-07-01T00:00:00Z,1977.4958904,5982,6343,1008.17,77
1977-08-01T00:00:00Z,1977.5808219,5696,6357,1015.08,75
1977-09-01T00:00:00Z,1977.6657534,6009,6368,1008.35,78
1977-10-01T00:00:00Z,1977.7479452,5941,6420,1010.81,77
1977-11-01T00:00:00Z,1977.8328767,6731,6483,995.73,82
1977-12-01T00:00:00Z,1977.9150685,5834,6453,1014.47,76
1978-01-01T00:00:00Z,1978.0000000,6199,6343,1003.55,79
1978-02-01T00:00:00Z,1978.0849315,5580,6312,1017.27,75
1978-03-01T00:00:00Z,1978.1616438,6020,6298,1006.35,78
1978-04-01T00:00:00Z,1978.2465753,5584,6185,1014.18,75
1978-05-01T00:00:00Z,1978.3287671,5199,6052,1020.57,72
1978-06-01T00:00:00Z,1978.4136986,5777,6152,1008.66,76
1978-07-01T00:00:00Z,1978.4958904,5791,6160,1008.51,76
1978-08-01T00:00:00Z,1978.5808219,5869,6310,1009.91,77
1978-09-01T00:00:00Z,1978.6657534,6207,6318,1002.95,79
1978-10-01T00:00:00Z,1978.7479452,6123,6221,1002.72,78
1978-11-01T00:00:00Z,1978.8328767,6204,6263,1002.07,79
1978-12-01T00:00:00Z,1978.9150685,5543,6270,1017.11,74
1979-01-01T00:00:00Z,1979.0000000,5612,6180,1013.86,75
1979-02-01T00:00:00Z,1979.0849315,5810,6153,1009.25,76
1979-03-01T00:00:00Z,1979.1616438,5854,6078,1005.37,77
1979-04-01T00:00:00Z,1979.2465753,5386,5953,1013.94,73
1979-05-01T00:00:00Z,1979.3287671,5540,5997,1010.97,74
1979-06-01T00:00:00Z,1979.4136986,5432,5858,1010.44,74
1979-07-01T00:00:00Z,1979.4958904,5559,5864,1007.37,75
1979-08-01T00:00:00Z,1979.5808219,5330,5726,1009.86,73
1979-09-01T00:00:00Z,1979.6657534,5683,5780,1002.70,75
1979-10-01T00:00:00Z,1979.7479452,5218,5883,1016.65,72
1979-11-01T00:00:00Z,1979.8328767,5677,5890,1005.72,75
1979-12-01T00:00:00Z,1979.9150685,5911,6000,1002.72,77
1980-01-01T00:00:00Z,1980.0000000,5403,5974,1014.19,74
1980-02-01T00:00:00Z,1980.0846995,5271,5934,1016.67,73
1980-03-01T00:00:00Z,1980.1639344,5259,6015,1018.92,73
1980-04-01T00:00:00Z,1980.2486339,5411,5912,1012.44,74
1980-05-01T00:00:00Z,1980.3306011,5268,5915,1015.92,73
1980-06-01T00:00:00Z,1980.4153005,5352,5744,1009.67,73
1980-07-01T00:00:00Z,1980.4972678,5367,5744,1009.32,73
1980-08-01T00:00:00Z,1980.5819672,5381,5764,1009.67,73
1980-09-01T00:00:00Z,1980.6666667,5316,5760,1011.10,73
1980-10-01T00:00:00Z,1980.7486339,5435,5652,1005.50,74
1980-11-01T00:00:00Z,1980.8333333,5403,5558,1004.73,74
1980-12-01T00:00:00Z,1980.9153005,5753,5549,995.43,76
1981-01-01T00:00:00Z,1981.0000000,5817,5733,998.71,76
1981-02-01T00:00:00Z,1981.0849315,5064,5646,1016.47,71
1981-03-01T00:00:00Z,1981.1616438,5407,5619,1005.78,74
1981-04-01T00:00:00Z,1981.2465753,5185,5560,1009.69,72
1981-05-01T00:00:00Z,1981.3287671,4937,5489,1014.71,70
1981-06-01T00:00:00Z,1981.4136986,5337,5646,1007.88,73
1981-07-01T00:00:00Z,1981.4958904,5373,5665,1007.36,73
1981-08-01T00:00:00Z,1981.5808219,5308,5671,1009.11,73
1981-09-01T00:00:00Z,1981.6657534,5195,5753,1014.01,72
1981-10-01T00:00:00Z,1981.7479452,5471,5572,1002.82,74
1981-11-01T00:00:00Z,1981.8328767,5373,5596,1006.08,73
1981-12-01T00:00:00Z,1981.9150685,5654,5711,1002.18,75
1982-01-01T00:00:00Z,1982.0000000,5525,5830,1008.10,74
1982-02-01T00:00:00Z,1982.0849315,5046,5629,1015.22,71
1982-03-01T00:00:00Z,1982.1616438,5475,5816,1008.75,74
1982-04-01T00:00:00Z,1982.2465753,5725,5861,1003.70,76
1982-05-01T00:00:00Z,1982.3287671,5466,5917,1010.99,74
1982-06-01T00:00:00Z,1982.4136986,5225,5629,1010.07,72
1982-07-01T00:00:00Z,1982.4958904,4938,5415,1012.56,70
1982-08-01T00:00:00Z,1982.5808219,5134,5387,1006.68,72
1982-09-01T00:00:00Z,1982.6657534,4999,5259,1007.24,71
1982-10-01T00:00:00Z,1982.7479452,4888,5400,1013.84,70
1982-11-01T00:00:00Z,1982.8328767,5535,5463,998.69,74
1982-12-01T00:00:00Z,1982.9150685,5515,5367,997.31,74
1983-01-01T00:00:00Z,1983.0000000,5917,5513,991.13,77
1983-02-01T00:00:00Z,1983.0849315,5141,5645,1012.91,72
1983-03-01T00:00:00Z,1983.1616438,5572,5762,1005.04,75
1983-04-01T00:00:00Z,1983.2465753,5324,5769,1011.05,73
1983-05-01T00:00:00Z,1983.3287671,5121,5602,1012.26,72
1983-06-01T00:00:00Z,1983.4136986,5282,5708,1010.61,73
1983-07-01T00:00:00Z,1983.4958904,5441,5819,1009.31,74
1983-08-01T00:00:00Z,1983.5808219,5498,5823,1008.02,74
1983-09-01T00:00:00Z,1983.6657534,5648,5864,1005.24,75
1983-10-01T00:00:00Z,1983.7479452,6156,5894,994.46,78
1983-11-01T00:00:00Z,1983.8328767,5933,5923,1000.57,77
1983-12-01T00:00:00Z,1983.9150685,5949,5925,999.98,77
1984-01-01T00:00:00Z,1984.0000000,6043,5977,1000.21,78
1984-02-01T00:00:00Z,1984.0846995,5054,5953,1023.16,71
1984-03-01T00:00:00Z,1984.1639344,5084,5865,1019.97,71
1984-04-01T00:00:00Z,1984.2486339,5143,5803,1016.62,72
1984-05-01T00:00:00Z,1984.3306011,5145,5673,1013.38,72
1984-06-01T00:00:00Z,1984.4153005,5436,5780,1008.50,74
1984-07-01T00:00:00Z,1984.4972678,5610,5813,1004.92,75
1984-08-01T00:00:00Z,1984.5819672,5452,5895,1010.87,74
1984-09-01T00:00:00Z,1984.6666667,5563,5921,1008.71,75
1984-10-01T00:00:00Z,1984.7486339,5747,5921,1004.46,76
1984-11-01T00:00:00Z,1984.8333333,5312,5902,1014.70,73
1984-12-01T00:00:00Z,1984.9153005,5156,5928,1019.50,72
1985-01-01T00:00:00Z,1985.0000000,5407,5946,1013.30,74
1985-02-01T00:00:00Z,1985.0849315,5192,6035,1020.71,72
1985-03-01T00:00:00Z,1985.1616438,5525,6052,1013.33,74
1985-04-01T00:00:00Z,1985.2465753,5904,6078,1004.21,77
1985-05-01T00:00:00Z,1985.3287671,5442,6100,1015.58,74
1985-06-01T00:00:00Z,1985.4136986,5859,6171,1007.10,77
1985-07-01T00:00:00Z,1985.4958904,5712,6147,1010.03,76
1985-08-01T00:00:00Z,1985.5808219,5886,6149,1006.09,77
1985-09-01T00:00:00Z,1985.6657534,6120,6230,1002.68,78
1985-10-01T00:00:00Z,1985.7479452,5992,6271,1005.49,77
1985-11-01T00:00:00Z,1985.8328767,6001,6340,1008.49,77
1985-12-01T00:00:00Z,1985.9150685,6164,6295,1002.23,79
1986-01-01T00:00:00Z,1986.0000000,5995,6277,1006.07,77
1986-02-01T00:00:00Z,1986.0849315,5218,6160,1021.80,72
1986-03-01T00:00:00Z,1986.1616438,5894,6261,1008.40,77
1986-04-01T00:00:00Z,1986.2465753,5797,6390,1012.57,76
1986-05-01T00:00:00Z,1986.3287671,5926,6408,1009.84,77
1986-06-01T00:00:00Z,1986.4136986,5803,6418,1012.77,76
1986-07-01T00:00:00Z,1986.4958904,6110,6424,1006.05,78
1986-08-01T00:00:00Z,1986.5808219,5932,6432,1010.16,77
1986-09-01T00:00:00Z,1986.6657534,6295,6451,1002.64,79
1986-10-01T00:00:00Z,1986.7479452,6378,6484,1001.83,80
1986-11-01T00:00:00Z,1986.8328767,6287,6392,1001.62,79
1986-12-01T00:00:00Z,1986.9150685,6019,6498,1010.01,78
1987-01-01T00:00:00Z,1987.0000000,5833,6581,1016.47,76
1987-02-01T00:00:00Z,1987.0849315,6485,6603,1001.99,81
1987-03-01T00:00:00Z,1987.1616438,5751,6612,1018.90,76
1987-04-01T00:00:00Z,1987.2465753,5990,6592,1012.32,77
1987-05-01T00:00:00Z,1987.3287671,5990,6550,1011.45,77
1987-06-01T00:00:00Z,1987.4136986,6076,6441,1007.11,78
1987-07-01T00:00:00Z,1987.4958904,6018,6393,1007.59,78
1987-08-01T00:00:00Z,1987.5808219,5988,6337,1006.91,77
1987-09-01T00:00:00Z,1987.6657534,6030,6287,1005.18,78
1987-10-01T00:00:00Z,1987.7479452,5415,6291,1019.69,74
1987-11-01T00:00:00Z,1987.8328767,5658,6245,1012.63,75
1987-12-01T00:00:00Z,1987.9150685,6147,6254,1001.78,78
1988-01-01T00:00:00Z,1988.0000000,5762,6082,1007.28,76
1988-02-01T00:00:00Z,1988.0846995,5659,6144,1011.01,75
1988-03-01T00:00:00Z,1988.1639344,5792,6168,1007.91,76
1988-04-01T00:00:00Z,1988.2486339,5735,6137,1008.49,76
1988-05-01T00:00:00Z,1988.3306011,5456,6152,1015.80,74
1988-06-01T00:00:00Z,1988.4153005,5635,6128,1010.52,75
1988-07-01T00:00:00Z,1988.4972678,5620,6018,1008.39,75
1988-08-01T00:00:00Z,1988.5819672,5800,6021,1004.23,76
1988-09-01T00:00:00Z,1988.6666667,5874,6016,1002.75,77
1988-10-01T00:00:00Z,1988.7486339,5602,5992,1009.07,75
1988-11-01T00:00:00Z,1988.8333333,5860,5969,1002.01,77
1988-12-01T00:00:00Z,1988.9153005,5838,5812,998.82,76
1989-01-01T00:00:00Z,1989.0000000,5818,5737,997.71,76
1989-02-01T00:00:00Z,1989.0849315,5967,5718,994.03,77
1989-03-01T00:00:00Z,1989.1616438,5349,5450,1001.80,73
1989-04-01T00:00:00Z,1989.2465753,4855,5505,1016.31,70
1989-05-01T00:00:00Z,1989.3287671,5031,5402,1008.98,71
1989-06-01T00:00:00Z,1989.4136986,4944,5445,1012.46,70
1989-07-01T00:00:00Z,1989.4958904,5195,5615,1009.84,72
1989-08-01T00:00:00Z,1989.5808219,5299,5538,1005.16,73
1989-09-01T00:00:00Z,1989.6657534,5098,5471,1008.83,71
1989-10-01T00:00:00Z,1989.7479452,5195,5355,1003.61,72
1989-11-01T00:00:00Z,1989.8328767,4897,5226,1008.12,70
1989-12-01T00:00:00Z,1989.9150685,5283,5317,1000.54,73
1990-01-01T00:00:00Z,1990.0000000,5267,5420,1003.64,73
1990-02-01T00:00:00Z,1990.0849315,5860,5442,989.86,77
1990-03-01T00:00:00Z,1990.1616438,5529,5373,996.07,74
1990-04-01T00:00:00Z,1990.2465753,4900,5267,1009.25,70
1990-05-01T00:00:00Z,1990.3287671,4816,5247,1010.85,69
1990-06-01T00:00:00Z,1990.4136986,4868,5236,1009.02,70
1990-07-01T00:00:00Z,1990.4958904,5009,5381,1008.90,71
1990-08-01T00:00:00Z,1990.5808219,4939,5353,1010.12,70
1990-09-01T00:00:00Z,1990.6657534,5015,5454,1010.72,71
1990-10-01T00:00:00Z,1990.7479452,5236,5551,1007.46,72
1990-11-01T00:00:00Z,1990.8328767,5431,5630,1004.42,74
1990-12-01T00:00:00Z,1990.9150685,5482,5645,1003.80,74
1991-01-01T00:00:00Z,1991.0000000,5482,5775,1006.80,74
1991-02-01T00:00:00Z,1991.0849315,5021,5809,1020.38,71
1991-03-01T00:00:00Z,1991.1616438,4881,5421,1013.59,70
1991-04-01T00:00:00Z,1991.2465753,4972,5470,1012.50,71
1991-05-01T00:00:00Z,1991.3287671,5124,5501,1008.89,72
1991-06-01T00:00:00Z,1991.4136986,4648,4879,1005.70,68
1991-07-01T00:00:00Z,1991.4958904,4570,4920,1009.25,68
1991-08-01T00:00:00Z,1991.5808219,4889,5228,1008.38,70
1991-09-01T00:00:00Z,1991.6657534,5350,5473,1002.52,73
1991-10-01T00:00:00Z,1991.7479452,5101,5535,1010.95,71
1991-11-01T00:00:00Z,1991.8328767,5556,5552,999.41,75
1991-12-01T00:00:00Z,1991.9150685,5560,5649,1002.16,75
1992-01-01T00:00:00Z,1992.0000000,5572,5632,1001.32,75
1992-02-01T00:00:00Z,1992.0846995,5522,5591,1001.22,74
1992-03-01T00:00:00Z,1992.1639344,5665,5724,1001.25,75
1992-04-01T00:00:00Z,1992.2486339,5532,5895,1007.83,74
1992-05-01T00:00:00Z,1992.3306011,5331,5847,1012.07,73
1992-06-01T00:00:00Z,1992.4153005,5396,5984,1013.43,73
1992-07-01T00:00:00Z,1992.4972678,5728,6060,1006.85,76
1992-08-01T00:00:00Z,1992.5819672,5801,6029,1004.55,76
1992-09-01T00:00:00Z,1992.6666667,5417,5995,1013.21,74
1992-10-01T00:00:00Z,1992.7486339,5731,6095,1007.68,76
1992-11-01T00:00:00Z,1992.8333333,5851,6057,1004.11,76
1992-12-01T00:00:00Z,1992.9153005,6041,6150,1002.38,78
1993-01-01T00:00:00Z,1993.0000000,6536,6126,991.61,81
1993-02-01T00:00:00Z,1993.0849315,5773,6130,1008.00,76
1993-03-01T00:00:00Z,1993.1616438,5780,6049,1006.33,76
1993-04-01T00:00:00Z,1993.2465753,5552,6144,1013.35,75
1993-05-01T00:00:00Z,1993.3287671,5510,6181,1014.99,74
1993-06-01T00:00:00Z,1993.4136986,5917,6213,1005.78,77
1993-07-01T00:00:00Z,1993.4958904,5964,6225,1005.10,77
1993-08-01T00:00:00Z,1993.5808219,5776,6233,1009.49,76
1993-09-01T00:00:00Z,1993.6657534,5659,6274,1013.29,75
1993-10-01T00:00:00Z,1993.7479452,5858,6277,1008.97,77
1993-11-01T00:00:00Z,1993.8328767,5026,6302,1030.02,71
1993-12-01T00:00:00Z,1993.9150685,6423,6289,997.30,80
1994-01-01T00:00:00Z,1994.0000000,6341,6300,998.70,80
1994-02-01T00:00:00Z,1994.0849315,5282,6196,1021.07,73
1994-03-01T00:00:00Z,1994.1616438,6271,6202,998.32,79
1994-04-01T00:00:00Z,1994.2465753,5813,6182,1007.62,76
1994-05-01T00:00:00Z,1994.3287671,5673,6248,1012.40,75
1994-06-01T00:00:00Z,1994.4136986,6177,6255,1000.94,79
1994-07-01T00:00:00Z,1994.4958904,5629,6287,1014.09,75
1994-08-01T00:00:00Z,1994.5808219,5856,6339,1010.06,77
1994-09-01T00:00:00Z,1994.6657534,5984,6370,1007.99,77
1994-10-01T00:00:00Z,1994.7479452,6154,6336,1003.43,78
1994-11-01T00:00:00Z,1994.8328767,6102,6329,1004.86,78
1994-12-01T00:00:00Z,1994.9150685,6269,6315,1000.93,79
1995-01-01T00:00:00Z,1995.0000000,6185,6363,1003.35,79
1995-02-01T00:00:00Z,1995.0849315,7067,6382,985.15,84
1995-03-01T00:00:00Z,1995.1616438,6271,6350,1001.34,79
1995-04-01T00:00:00Z,1995.2465753,5932,6376,1008.90,77
1995-05-01T00:00:00Z,1995.3287671,5734,6395,1013.39,76
1995-06-01T00:00:00Z,1995.4136986,5906,6398,1009.45,77
1995-07-01T00:00:00Z,1995.4958904,6017,6403,1007.16,78
1995-08-01T00:00:00Z,1995.5808219,5964,6412,1008.44,77
1995-09-01T00:00:00Z,1995.6657534,5880,6399,1010.44,77
1995-10-01T00:00:00Z,1995.7479452,6119,6371,1004.26,78
1995-11-01T00:00:00Z,1995.8328767,6025,6378,1006.57,78
1995-12-01T00:00:00Z,1995.9150685,5786,6425,1013.73,76
1996-01-01T00:00:00Z,1996.0000000,5341,6433,1023.92,73
1996-02-01T00:00:00Z,1996.0846995,5886,6457,1011.59,77
1996-03-01T00:00:00Z,1996.1639344,5473,6512,1022.73,74
1996-04-01T00:00:00Z,1996.2486339,5776,6534,1015.46,76
1996-05-01T00:00:00Z,1996.3306011,5886,6534,1012.92,77
1996-06-01T00:00:00Z,1996.4153005,6094,6539,1008.10,78
1996-07-01T00:00:00Z,1996.4972678,6209,6542,1005.82,79
1996-08-01T00:00:00Z,1996.5819672,5657,6519,1017.80,75
1996-09-01T00:00:00Z,1996.6666667,5784,6514,1014.74,76
1996-10-01T00:00:00Z,1996.7486339,6127,6484,1006.66,78
1996-11-01T00:00:00Z,1996.8333333,6430,6477,999.95,80
1996-12-01T00:00:00Z,1996.9153005,6073,6489,1007.96,78
1997-01-01T00:00:00Z,1997.0000000,6251,6533,1004.86,79
1997-02-01T00:00:00Z,1997.0849315,6681,6552,996.75,82
1997-03-01T00:00:00Z,1997.1616438,6389,6559,1002.76,80
1997-04-01T00:00:00Z,1997.2465753,6396,6543,1002.08,80
1997-05-01T00:00:00Z,1997.3287671,5981,6559,1011.41,77
1997-06-01T00:00:00Z,1997.4136986,5996,6550,1010.68,77
1997-07-01T00:00:00Z,1997.4958904,5853,6547,1013.76,77
1997-08-01T00:00:00Z,1997.5808219,5784,6580,1016.00,76
1997-09-01T00:00:00Z,1997.6657534,6340,6575,1003.91,80
1997-10-01T00:00:00Z,1997.7479452,6401,6538,1001.65,80
1997-11-01T00:00:00Z,1997.8328767,5781,6489,1014.61,76
1997-12-01T00:00:00Z,1997.9150685,5942,6518,1011.40,77
1998-01-01T00:00:00Z,1998.0000000,6210,6526,1005.67,79
1998-02-01T00:00:00Z,1998.0849315,6576,6537,998.45,81
1998-03-01T00:00:00Z,1998.1616438,6029,6543,1010.20,78
1998-04-01T00:00:00Z,1998.2465753,5766,6390,1012.53,76
1998-05-01T00:00:00Z,1998.3287671,5780,6280,1009.95,76
1998-06-01T00:00:00Z,1998.4136986,5817,6308,1009.62,76
1998-07-01T00:00:00Z,1998.4958904,6255,6382,1001.28,79
1998-08-01T00:00:00Z,1998.5808219,5991,6300,1005.54,77
1998-09-01T00:00:00Z,1998.6657534,5788,6380,1012.26,76
1998-10-01T00:00:00Z,1998.7479452,6446,6434,999.19,80
1998-11-01T00:00:00Z,1998.8328767,5582,6386,1017.01,75
1998-12-01T00:00:00Z,1998.9150685,6135,6338,1003.55,78
1999-01-01T00:00:00Z,1999.0000000,5956,6250,1005.34,77
1999-02-01T00:00:00Z,1999.0849315,6279,6249,998.54,79
1999-03-01T00:00:00Z,1999.1616438,5678,6264,1012.27,75
1999-04-01T00:00:00Z,1999.2465753,5910,6314,1007.87,77
1999-05-01T00:00:00Z,1999.3287671,5631,6292,1013.63,75
1999-06-01T00:00:00Z,1999.4136986,5722,6342,1012.55,76
1999-07-01T00:00:00Z,1999.4958904,5993,6386,1007.27,77
1999-08-01T00:00:00Z,1999.5808219,5801,6243,1008.50,76
1999-09-01T00:00:00Z,1999.6657534,5526,6121,1012.67,74
1999-10-01T00:00:00Z,1999.7479452,5751,6064,1006.35,76
1999-11-01T00:00:00Z,1999.8328767,5673,6040,1007.59,75
1999-12-01T00:00:00Z,1999.9150685,6234,5951,992.77,79
2000-01-01T00:00:00Z,2000.0000000,6163,6014,996.21,79
2000-02-01T00:00:00Z,2000.0846995,6096,5962,996.49,78
2000-03-01T00:00:00Z,2000.1639344,5918,5881,998.62,77
2000-04-01T00:00:00Z,2000.2486339,5471,5901,1009.42,74
2000-05-01T00:00:00Z,2000.3306011,5330,5780,1009.87,73
2000-06-01T00:00:00Z,2000.4153005,5395,5671,1005.69,73
2000-07-01T00:00:00Z,2000.4972678,5235,5569,1007.29,72
2000-08-01T00:00:00Z,2000.5819672,5300,5655,1007.63,73
2000-09-01T00:00:00Z,2000.6666667,5117,5718,1014.11,72
2000-10-01T00:00:00Z,2000.7486339,5251,5833,1013.52,72
2000-11-01T00:00:00Z,2000.8333333,5169,5694,1012.04,72
2000-12-01T00:00:00Z,2000.9153005,5501,5743,1004.83,74
2001-01-01T00:00:00Z,2001.0000000,5313,5817,1011.37,73
2001-02-01T00:00:00Z,2001.0849315,5551,5960,1008.95,75
2001-03-01T00:00:00Z,2001.1616438,5721,6025,1006.01,76
2001-04-01T00:00:00Z,2001.2465753,5389,5737,1007.54,73
2001-05-01T00:00:00Z,2001.3287671,5480,5885,1008.61,74
2001-06-01T00:00:00Z,2001.4136986,5575,5929,1007.23,75
2001-07-01T00:00:00Z,2001.4958904,5536,5959,1008.88,74
2001-08-01T00:00:00Z,2001.5808219,5423,5857,1009.42,74
2001-09-01T00:00:00Z,2001.6657534,5326,5857,1011.86,73
2001-10-01T00:00:00Z,2001.7479452,5471,5771,1006.31,74
2001-11-01T00:00:00Z,2001.8328767,5777,5855,1001.41,76
2001-12-01T00:00:00Z,2001.9150685,5277,5907,1015.00,73
2002-01-01T00:00:00Z,2002.0000000,5641,5736,1001.47,75
2002-02-01T00:00:00Z,2002.0849315,6381,5910,988.90,80
2002-03-01T00:00:00Z,2002.1616438,5716,5846,1002.94,76
2002-04-01T00:00:00Z,2002.2465753,5108,5849,1017.25,71
2002-05-01T00:00:00Z,2002.3287671,5235,5859,1014.11,72
2002-06-01T00:00:00Z,2002.4136986,5531,5909,1007.87,74
2002-07-01T00:00:00Z,2002.4958904,5371,5809,1009.64,73
2002-08-01T00:00:00Z,2002.5808219,5070,5685,1014.40,71
2002-09-01T00:00:00Z,2002.6657534,5296,5780,1010.85,73
2002-10-01T00:00:00Z,2002.7479452,5281,5826,1012.56,73
2002-11-01T00:00:00Z,2002.8328767,5067,5729,1015.83,71
2002-12-01T00:00:00Z,2002.9150685,4904,5756,1021.22,70
2003-01-01T00:00:00Z,2003.0000000,5779,5810,999.99,76
2003-02-01T00:00:00Z,2003.0849315,5067,5808,1017.44,71
2003-03-01T00:00:00Z,2003.1616438,5358,5845,1011.00,73
2003-04-01T00:00:00Z,2003.2465753,5023,5822,1019.19,71
2003-05-01T00:00:00Z,2003.3287671,5363,5772,1008.80,73
2003-06-01T00:00:00Z,2003.4136986,5243,5654,1009.24,72
2003-07-01T00:00:00Z,2003.4958904,5212,5750,1012.31,72
2003-08-01T00:00:00Z,2003.5808219,5454,5800,1007.46,74
2003-09-01T00:00:00Z,2003.6657534,5424,5850,1009.52,74
2003-10-01T00:00:00Z,2003.7479452,5589,5762,1003.60,75
2003-11-01T00:00:00Z,2003.8328767,4863,5435,1014.30,70
2003-12-01T00:00:00Z,2003.9150685,5860,5801,998.22,77
2004-01-01T00:00:00Z,2004.0000000,5440,5755,1006.87,74
2004-02-01T00:00:00Z,2004.0846995,5754,5923,1003.07,76
2004-03-01T00:00:00Z,2004.1639344,5413,6043,1014.44,74
2004-04-01T00:00:00Z,2004.2486339,5429,6106,1015.12,74
2004-05-01T00:00:00Z,2004.3306011,5792,6166,1007.61,76
2004-06-01T00:00:00Z,2004.4153005,5870,6163,1005.79,77
2004-07-01T00:00:00Z,2004.4972678,5612,6077,1010.03,75
2004-08-01T00:00:00Z,2004.5819672,5650,6114,1009.91,75
2004-09-01T00:00:00Z,2004.6666667,6018,6154,1002.48,78
2004-10-01T00:00:00Z,2004.7486339,5798,6296,1010.44,76
2004-11-01T00:00:00Z,2004.8333333,5998,6136,1002.36,77
2004-12-01T00:00:00Z,2004.9153005,6314,6182,996.74,79
2005-01-01T00:00:00Z,2005.0000000,6091,5959,996.61,78
2005-02-01T00:00:00Z,2005.0849315,5414,6134,1016.41,74
2005-03-01T00:00:00Z,2005.1616438,5623,6179,1011.88,75
2005-04-01T00:00:00Z,2005.2465753,5736,6233,1010.47,76
2005-05-01T00:00:00Z,2005.3287671,5687,6092,1008.40,75
2005-06-01T00:00:00Z,2005.4136986,5745,6207,1009.55,76
2005-07-01T00:00:00Z,2005.4958904,5718,6166,1009.24,76
2005-08-01T00:00:00Z,2005.5808219,5717,6114,1008.12,76
2005-09-01T00:00:00Z,2005.6657534,5629,5945,1006.54,75
2005-10-01T00:00:00Z,2005.7479452,5578,6233,1014.29,75
2005-11-01T00:00:00Z,2005.8328767,6167,6307,1002.59,79
2005-12-01T00:00:00Z,2005.9150685,5769,6305,1011.85,76
2006-01-01T00:00:00Z,2006.0000000,5433,6330,1020.29,74
2006-02-01T00:00:00Z,2006.0849315,5779,6405,1013.02,76
2006-03-01T00:00:00Z,2006.1616438,5976,6479,1010.47,77
2006-04-01T00:00:00Z,2006.2465753,6047,6488,1008.80,78
2006-05-01T00:00:00Z,2006.3287671,6016,6515,1010.43,78
2006-06-01T00:00:00Z,2006.4136986,5937,6512,1011.53,77
2006-07-01T00:00:00Z,2006.4958904,5834,6495,1013.51,76
2006-08-01T00:00:00Z,2006.5808219,5999,6499,1009.81,77
2006-09-01T00:00:00Z,2006.6657534,6106,6495,1007.51,78
2006-10-01T00:00:00Z,2006.7479452,6185,6547,1007.05,79
2006-11-01T00:00:00Z,2006.8328767,6357,6529,1002.72,80
2006-12-01T00:00:00Z,2006.9150685,6559,6446,997.03,81
2007-01-01T00:00:00Z,2007.0000000,7042,6578,990.11,84
2007-02-01T00:00:00Z,2007.0849315,5878,6551,1013.92,77
2007-03-01T00:00:00Z,2007.1616438,6201,6589,1008.15,79
2007-04-01T00:00:00Z,2007.2465753,6339,6651,1005.99,80
2007-05-01T00:00:00Z,2007.3287671,6415,6651,1004.11,80
2007-06-01T00:00:00Z,2007.4136986,6224,6655,1008.58,79
2007-07-01T00:00:00Z,2007.4958904,6440,6645,1003.27,80
2007-08-01T00:00:00Z,2007.5808219,6226,6638,1007.85,79
2007-09-01T00:00:00Z,2007.6657534,6349,6652,1005.65,80
2007-10-01T00:00:00Z,2007.7479452,6004,6657,1013.36,77
2007-11-01T00:00:00Z,2007.8328767,6442,6648,1003.49,80
2007-12-01T00:00:00Z,2007.9150685,6324,6671,1007.05,80
2008-01-01T00:00:00Z,2008.0000000,6359,6646,1006.26,80
2008-02-01T00:00:00Z,2008.0846995,6455,6630,1003.79,80
2008-03-01T00:00:00Z,2008.1639344,6724,6631,997.29,82
2008-04-01T00:00:00Z,2008.2486339,6004,6640,1012.68,77
2008-05-01T00:00:00Z,2008.3306011,5854,6631,1015.92,77
2008-06-01T00:00:00Z,2008.4153005,6295,6636,1006.25,79
2008-07-01T00:00:00Z,2008.4972678,6197,6652,1008.76,79
2008-08-01T00:00:00Z,2008.5819672,6372,6656,1005.67,80
2008-09-01T00:00:00Z,2008.6666667,5939,6679,1016.38,77
2008-10-01T00:00:00Z,2008.7486339,6777,6699,998.28,82
2008-11-01T00:00:00Z,2008.8333333,6806,6724,998.83,82
2008-12-01T00:00:00Z,2008.9153005,6163,6723,1011.86,79
2009-01-01T00:00:00Z,2009.0000000,6415,6738,1006.82,80
2009-02-01T00:00:00Z,2009.0849315,6283,6737,1009.55,79
2009-03-01T00:00:00Z,2009.1616438,6366,6780,1008.32,80
2009-04-01T00:00:00Z,2009.2465753,6126,6819,1014.25,78
2009-05-01T00:00:00Z,2009.3287671,6283,6826,1011.21,79
2009-06-01T00:00:00Z,2009.4136986,6237,6814,1011.89,79
2009-07-01T00:00:00Z,2009.4958904,6428,6805,1007.41,80
2009-08-01T00:00:00Z,2009.5808219,6306,6804,1010.23,79
2009-09-01T00:00:00Z,2009.6657534,6640,6819,1003.59,81
2009-10-01T00:00:00Z,2009.7479452,6320,6839,1011.03,79
2009-11-01T00:00:00Z,2009.8328767,6532,6834,1006.45,81
2009-12-01T00:00:00Z,2009.9150685,6216,6844,1013.26,79
2010-01-01T00:00:00Z,2010.0000000,5847,6811,1021.20,76
2010-02-01T00:00:00Z,2010.0849315,6228,6718,1010.24,79
2010-03-01T00:00:00Z,2010.1616438,6513,6656,1002.97,81
2010-04-01T00:00:00Z,2010.2465753,6082,6600,1011.23,78
2010-05-01T00:00:00Z,2010.3287671,6130,6630,1010.68,78
2010-06-01T00:00:00Z,2010.4136986,6208,6610,1008.36,79
2010-07-01T00:00:00Z,2010.4958904,6084,6600,1010.82,78
2010-08-01T00:00:00Z,2010.5808219,6137,6578,1009.31,78
2010-09-01T00:00:00Z,2010.6657534,6051,6578,1011.39,78
2010-10-01T00:00:00Z,2010.7479452,6337,6604,1005.92,80
2010-11-01T00:00:00Z,2010.8328767,6250,6575,1007.72,79
2010-12-01T00:00:00Z,2010.9150685,5981,6534,1012.24,77
2011-01-01T00:00:00Z,2011.0000000,6322,6558,1005.04,80
2011-02-01T00:00:00Z,2011.0849315,5860,6530,1015.45,77
2011-03-01T00:00:00Z,2011.1616438,6270,6508,1005.58,79
2011-04-01T00:00:00Z,2011.2465753,5982,6385,1008.88,77
2011-05-01T00:00:00Z,2011.3287671,5902,6459,1012.32,77
2011-06-01T00:00:00Z,2011.4136986,5859,6293,1009.56,77
2011-07-01T00:00:00Z,2011.4958904,5878,6347,1010.19,77
2011-08-01T00:00:00Z,2011.5808219,5911,6363,1009.96,77
2011-09-01T00:00:00Z,2011.6657534,6164,6356,1004.25,79
2011-10-01T00:00:00Z,2011.7479452,6153,6321,1004.34,78
2011-11-01T00:00:00Z,2011.8328767,5992,6398,1009.56,77
2011-12-01T00:00:00Z,2011.9150685,6978,6486,990.24,84
2012-01-01T00:00:00Z,2012.0000000,5884,6395,1012.95,77
2012-02-01T00:00:00Z,2012.0846995,5744,6322,1014.54,76
2012-03-01T00:00:00Z,2012.1639344,5814,6162,1008.02,76
2012-04-01T00:00:00Z,2012.2486339,6189,6368,1003.73,79
2012-05-01T00:00:00Z,2012.3306011,5897,6388,1010.87,77
2012-06-01T00:00:00Z,2012.4153005,6016,6301,1006.09,78
2012-07-01T00:00:00Z,2012.4972678,5840,6117,1006.18,76
2012-08-01T00:00:00Z,2012.5819672,5649,6149,1011.42,75
2012-09-01T00:00:00Z,2012.6666667,6152,6242,1001.92,78
2012-10-01T00:00:00Z,2012.7486339,6073,6235,1003.73,78
2012-11-01T00:00:00Z,2012.8333333,6035,6261,1005.24,78
2012-12-01T00:00:00Z,2012.9153005,5637,6305,1015.64,75
2013-01-01T00:00:00Z,2013.0000000,6063,6324,1006.02,78
2013-02-01T00:00:00Z,2013.0849315,5735,6327,1013.75,76
2013-03-01T00:00:00Z,2013.1616438,5652,6272,1014.35,75
2013-04-01T00:00:00Z,2013.2465753,5960,6280,1007.05,77
2013-05-01T00:00:00Z,2013.3287671,5556,6103,1012.58,75
2013-06-01T00:00:00Z,2013.4136986,5627,6096,1010.74,75
2013-07-01T00:00:00Z,2013.4958904,5649,6116,1010.59,75
2013-08-01T00:00:00Z,2013.5808219,5668,6154,1010.98,75
2013-09-01T00:00:00Z,2013.6657534,5643,6193,1012.49,75
2013-10-01T00:00:00Z,2013.7479452,6088,6260,1004.11,78
2013-11-01T00:00:00Z,2013.8328767,6370,6230,997.11,80
2013-12-01T00:00:00Z,2013.9150685,6280,6175,998.01,79
2014-01-01T00:00:00Z,2014.0000000,5414,6204,1018.76,74
2014-02-01T00:00:00Z,2014.0849315,5874,6091,1004.91,77
2014-03-01T00:00:00Z,2014.1616438,5942,6134,1004.83,77
2014-04-01T00:00:00Z,2014.2465753,5732,6163,1009.99,76
2014-05-01T00:00:00Z,2014.3287671,5619,6213,1013.54,75
2014-06-01T00:00:00Z,2014.4136986,5649,6128,1010.91,75
2014-07-01T00:00:00Z,2014.4958904,5551,6170,1014.21,75
2014-08-01T00:00:00Z,2014.5808219,5960,6230,1005.99,77
2014-09-01T00:00:00Z,2014.6657534,5614,6161,1012.88,75
2014-10-01T00:00:00Z,2014.7479452,5512,6164,1015.40,74
2014-11-01T00:00:00Z,2014.8328767,5344,6145,1019.04,73
2014-12-01T00:00:00Z,2014.9150685,6118,6020,998.21,78
2015-01-01T00:00:00Z,2015.0000000,6145,6071,999.19,78
2015-02-01T00:00:00Z,2015.0849315,6001,6084,1002.26,77
2015-03-01T00:00:00Z,2015.1616438,5529,6003,1012.09,74
2015-04-01T00:00:00Z,2015.2465753,5902,6057,1003.53,77
2015-05-01T00:00:00Z,2015.3287671,5892,6130,1005.25,77
2015-06-01T00:00:00Z,2015.4136986,5891,6114,1004.93,77
2015-07-01T00:00:00Z,2015.4958904,5979,6187,1004.60,77
2015-08-01T00:00:00Z,2015.5808219,5530,6196,1015.32,74
2015-09-01T00:00:00Z,2015.6657534,5619,6197,1013.50,75
2015-10-01T00:00:00Z,2015.7479452,5575,6212,1014.98,75
2015-11-01T00:00:00Z,2015.8328767,6345,6237,997.81,80
2015-12-01T00:00:00Z,2015.9150685,6262,6276,1001.03,79
2016-01-01T00:00:00Z,2016.0000000,6045,6376,1008.03,78
2016-02-01T00:00:00Z,2016.0846995,6597,6431,996.91,81
2016-03-01T00:00:00Z,2016.1639344,5956,6420,1010.15,77
2016-04-01T00:00:00Z,2016.2486339,6076,6432,1007.73,78
2016-05-01T00:00:00Z,2016.3306011,5775,6438,1014.63,76
2016-06-01T00:00:00Z,2016.4153005,6034,6469,1009.34,78
2016-07-01T00:00:00Z,2016.4972678,6174,6439,1005.70,79
2016-08-01T00:00:00Z,2016.5819672,6110,6485,1007.98,78
2016-09-01T00:00:00Z,2016.6666667,5976,6489,1011.33,77
2016-10-01T00:00:00Z,2016.7486339,5369,6542,1027.12,73
2016-11-01T00:00:00Z,2016.8333333,6117,6583,1010.15,78
2016-12-01T00:00:00Z,2016.9153005,6472,6580,1002.49,80
2017-01-01T00:00:00Z,2017.0000000,6338,6619,1006.09,80
2017-02-01T00:00:00Z,2017.0849315,6199,6636,1010.81,79
2017-03-01T00:00:00Z,2017.1616438,6510,6654,1003.28,81
2017-04-01T00:00:00Z,2017.2465753,6341,6616,1005.96,80
2017-05-01T00:00:00Z,2017.3287671,5975,6632,1014.11,77
2017-06-01T00:00:00Z,2017.4136986,6446,6649,1004.16,80
2017-07-01T00:00:00Z,2017.4958904,6276,6586,1006.39,79
2017-08-01T00:00:00Z,2017.5808219,6183,6517,1007.00,79
2017-09-01T00:00:00Z,2017.6657534,5724,6474,1017.38,76
2017-10-01T00:00:00Z,2017.7479452,6267,6545,1006.27,79
2017-11-01T00:00:00Z,2017.8328767,6555,6616,1001.24,81
2017-12-01T00:00:00Z,2017.9150685,6803,6631,996.59,82
2018-01-01T00:00:00Z,2018.0000000,6254,6633,1008.35,79
2018-02-01T00:00:00Z,2018.0849315,5586,6654,1023.88,75
2018-03-01T00:00:00Z,2018.1616438,6257,6662,1008.56,79
2018-04-01T00:00:00Z,2018.2465753,6258,6678,1008.89,79
2018-05-01T00:00:00Z,2018.3287671,5789,6667,1018.93,76
2018-06-01T00:00:00Z,2018.4136986,6407,6707,1006.20,80
2018-07-01T00:00:00Z,2018.4958904,6039,6702,1013.99,78
2018-08-01T00:00:00Z,2018.5808219,6354,6702,1007.14,80
2018-09-01T00:00:00Z,2018.6657534,6508,6712,1004.59,81
2018-10-01T00:00:00Z,2018.7479452,6394,6722,1007.02,80
2018-11-01T00:00:00Z,2018.8328767,5914,6710,1017.12,77
2018-12-01T00:00:00Z,2018.9150685,6215,6698,1010.59,79
2019-01-01T00:00:00Z,2019.0000000,6660,6700,1001.21,82
2019-02-01T00:00:00Z,2019.0849315,6477,6689,1004.73,80
2019-03-01T00:00:00Z,2019.1616438,6900,6733,996.75,83
2019-04-01T00:00:00Z,2019.2465753,5718,6732,1022.01,76
2019-05-01T00:00:00Z,2019.3287671,6292,6674,1008.24,79
2019-06-01T00:00:00Z,2019.4136986,6192,6719,1011.00,79
2019-07-01T00:00:00Z,2019.4958904,6271,6719,1009.29,79
2019-08-01T00:00:00Z,2019.5808219,6242,6713,1009.71,79
2019-09-01T00:00:00Z,2019.6657534,6395,6739,1007.17,80